id,date,name,type,description,elapsed_time,distance,commute,gear,filename
898240300,2017-03-12 22:30:00,8 Ball,Run,"Good snow covered 8 Ball with Turtle, Birdo, PT, and Justin.  Justin caught us during p break.  Eyelids froze once we turned off of Southwest roads.  ",3210,12874.8,false,"",
899284587,2017-03-13 20:30:32,Bryce + 3 ,Run,"Ran Bryce with Turtle, Bill, Birdo, Justin, and Alec. Fun conversations. Fast running to catch Justin at the end. ",3306,12874.8,false,"",
900606967,2017-03-14 22:30:00,Pie Day 5K + 1 Mile,Run,Good smack of normies on a right angle course.  ,1575,6437.38,false,"",
901847181,2017-03-15 23:34:46,30 minute bike + 2 miles ,Run,Sweaty bike. Slightly painful run. ,819,3218.69,false,"",
903167866,2017-03-17 00:42:48,Southwest Roads ,Run,Run with Bill and Pale in wind. ,2397,9817.02,false,"",
904994911,2017-03-17 21:30:00,Good Old Indoor Bike,Ride,Sweaty times. ,2700,0.0,false,,
906785851,2017-03-18 09:30:05,Leg hurt too bad. 0 miles ,Run,"",1,0.0,false,"",
916123215,2017-03-26 20:30:53,Northwest with Plum ,Run,"",2466,9656.1,false,"",
916125143,2017-03-21 16:00:54,Wheeler Peak Hike NM,Run,"",21720,28002.6,false,"",
917296094,2017-03-27 22:28:40,Northwest Roads ,Run,Ran part of the way with Nick and Spencer. ,2458,9656.08,false,"",
922068011,2017-03-30 20:30:00,Run on cc course ,Run,Good run with Jrue. Far less pain in my leg than earlier this week. ,2731,10460.8,false,"",
922071724,2017-03-28 20:30:59,First Track Workout ,Run,Advised by Griff I did 2/3s of the 800 workout.  Felt good to move. Throwing in random time for length. ,2880,11265.4,false,"",
922078702,2017-03-29 20:30:14,CC Course with Freshmen & Jrue,Run,"",2118,8046.7,false,"",
922571522,2017-03-31 20:30:59,Short Arb,Run,"Good run with Turtle, Justin, and Plumb. ",2545,9656.1,false,"",
923659057,2017-04-01 16:44:49,Northwest ,Run,,3366,12874.8,false,"",
925864258,2017-04-02 20:30:00,Short Arb,Run,"",2446,9656.1,false,"",
928116563,2017-04-03 08:33:23,Workout. Broken 800s ,Run,2 broken 800s on track 2 on hill. ,3180,12070.1,false,"",
929951940,2017-04-05 20:30:00,Short Arb ,Run,,2567,9656.08,false,"",
929953082,2017-04-04 20:30:00,Loops on course with doot ,Run,,1691,6437.39,false,"",
931148994,2017-04-06 20:30:46,Short Arb ,Run,,2514,9656.08,false,"",
933930517,2017-04-07 20:30:57,BEACHES WERE OPEN !! !! ,Run,"",1970,7242.1,false,"",
933931072,2017-04-09 02:32:05,Lacrosse ,Run,2:04 800. Okay for first race back. ,2100,8046.74,false,"",
936958824,2017-04-10 20:30:00,Iron Bridge ,Run,,3187,12874.8,false,"",
1003559679,2017-05-22 21:30:54,Northwest Roads ,Run,"",2485,9656.08,false,Ravenna 7,
1003561968,2017-05-23 16:30:00,ABR,Run,"",2160,8046.7,false,Ravenna 7,
1004139921,2017-05-24 20:00:00,Solo Short Arb ,Run,Didn't have anyone to tell me the pace. Lol. ,2312,9656.08,false,Ravenna 7,
1007055828,2017-05-26 19:50:00,Short Arb ,Run,"",2423,9656.08,false,Ravenna 7,
1008395321,2017-05-27 16:30:51,Solo short Arb (again & again),Run,,2562,9656.08,false,Ravenna 7,
1011785480,2017-05-29 18:39:36,Fridge to couch ,Run,Wandered over to the couch after lunch. ,2084,75.2,false,Ravenna 7,activities/1011785480.gpx
1013560067,2017-05-30 21:52:29,Run along flooded Greenbelt ,Run,"The Boise river is up at 8,310cfs! 94 degrees and sunny. ",2633,10299.8,false,Ravenna 7,
1014560915,2017-05-31 16:06:41,Bullshit Hills - Military Reserve,Run,I miss Northwest Roads. 73 degrees. Sunny. Need to run more hills. ,2342,9173.28,false,Ravenna 7,
1015303721,2017-06-01 01:09:22,MR Road (another one!) ,Run,Inspired by boredom and a lack of mileage to run again today. Felt gooooooood. 84 degrees and cloudy. ,1615,6437.39,false,Ravenna 7,
1016862889,2017-06-01 23:42:49,Random unflooded parts of Greenbelt ,Run,Ran the first two miles with Alec and ran through two sections of ankle deep water. 65 degrees with light rain. ,2814,11265.4,false,Ravenna 7,
1021710604,2017-06-05 00:14:26,Will I ever train consistently?,Run,,31,7.4,false,Ravenna 7,activities/1021710604.gpx
1023124051,2017-06-05 22:56:35,Left of Firing Range ,Run,Thought I was doing 7:30 pace @justin ;) 78 degrees and sunny. ,3166,13357.6,false,Ravenna 7,
1024551840,2017-06-06 23:21:15,Fat tire is further away than I remember ,Run,Passed 8 mountain bikers. Very salty and sweaty. Running down free ride hurts. 87 and sunny. ,5417,19312.2,false,Ravenna 7,
1026153516,2017-06-08 01:24:39,So tired ,Run,90 degrees and overcast. ,1595,6437.39,false,Ravenna 7,
1028900884,2017-06-09 23:54:05,Buck's Loop ,Run,Beautiful day for a winding low key uphill.  Should be on pace to run ~45 miles this week. 70 degrees and partly cloudy. ,2956,11587.3,false,Ravenna 7,
1030559031,2017-06-10 23:44:54,Some ridge ,Run,Left quad feels strange due to all of the sudden elevation changes. I might just bike tomorrow. 69 degrees and sunny with low wind. ,1976,7724.87,false,Ravenna 7,
1032169765,2017-06-11 17:16:30,Why do I ever run? ,Ride,Took the ol bike out for a rip. Need to adjust front breaks to stop rubbing. 55 degrees and partly cloudy. ,5817,20252.2,false,Trek Superfly,activities/1032169765.gpx
1035475052,2017-06-13 23:36:09,Submerged Greenbelt ,Run,The magic of solo runs. Felt great. I need to run more. 69 degrees and sunny. ,2530,10621.7,false,Ravenna 7,
1039453280,2017-06-16 14:41:35,First run with garmin ,Run,People in the mornings are more friendly on the trails. 66 and cloudy. ,2885,10735.8,false,Ravenna 7,activities/1142671726.fit.gz
1041126428,2017-06-17 15:50:58,Lol,Ride,"",749,5640.3,false,Trek Superfly,activities/1144394032.fit.gz
1041468922,2017-06-17 18:24:52,Conversational with Luke ,Run,Bb still runs. 72 and sunny. ,4298,13782.8,false,Ravenna 7,activities/1144751676.fit.gz
1041535622,2017-06-17 20:52:22,Speed ,Ride,"",307,3054.5,false,Trek Superfly,activities/1144821887.fit.gz
1044869300,2017-06-19 21:53:01,Sun made me doot. ,Run,Got to hurdle four trees and run through water on the Greenbelt. 96 and so fucking sunny. ,2598,10030.6,false,Ravenna 7,activities/1148274404.fit.gz
1048121176,2017-06-21 22:26:26,Easy and breezy ,Run,Dialed it back with pace. I'll be sticking to soft surfaces to stop feeling grief from the ol leg. 84 and sunny with wind. ,2993,10831.5,false,Ravenna 7,activities/1151592700.fit.gz
1049123093,2017-06-22 15:55:04,Sandy climb on Trail 4 ,Ride,Two motorcycles zipped past making me wish I had an engine.  67 and sunny.  ,5353,21885.1,false,Trek Superfly,activities/1152620264.fit.gz
1049624836,2017-06-22 22:46:52,Short Corrals ,Run,Running. ,2331,8142.2,false,Ravenna 7,activities/1153130150.fit.gz
1050673218,2017-06-23 18:06:46,Qwikie ,Ride,"",3706,11269.0,false,Trek Superfly,activities/1154200970.fit.gz
1052245189,2017-06-24 16:38:19,Sweet Connie to Stack Rock ,Ride,Scared so many hikers. Had to get of my bike to adjust front break to keep it from rubbing. Good thing that I brought an Allen wrench. ,10149,26442.5,false,Trek Superfly,activities/1155823862.fit.gz
1056936023,2017-06-27 17:34:16,Found the Nordic glasses ,Run,"The pain in my lower leg has subsided once more, so I should be doing more running than biking. ",2929,10857.0,false,Ravenna 7,activities/1160640904.fit.gz
1058911876,2017-06-29 00:17:11,"Left foot, right foot. ",Run,Running. ,1709,6458.8,false,Ravenna 7,activities/1162637232.fit.gz
1077559540,2017-07-10 23:42:02,Testing leg ,Run,Testing to see if there is any swelling in my left leg. The temperature cooled off to 96. ,817,3332.5,false,Ravenna 7,activities/1181538424.fit.gz
1086481319,2017-07-16 13:27:29,I'm going to cut my front breaks,Ride,Dropped Alec at Mahalie's and tested out the fixes on the bike. Leg isn't doing too hot. Doctors appointment to come in a weekish. ,6311,17953.7,false,Trek Superfly,activities/1190634770.fit.gz
1095054587,2017-07-19 03:05:07,Night Ride,Ride,,1224,8355.5,false,Trek Superfly,activities/1199339497.fit.gz
1095054659,2017-07-19 13:51:33,Morning Ride,Ride,,1138,7810.9,false,Trek Superfly,activities/1199339567.fit.gz
1095054806,2017-07-21 18:27:01,Lunch Hike,Hike,,9056,4187.6,false,Ravenna 7,activities/1199339725.fit.gz
1096718389,2017-07-22 18:00:42,Out ,Hike,"",5894,4665.9,false,Ravenna 7,activities/1201031372.fit.gz
1096718498,2017-07-22 20:46:09,And back ,Hike,"",4540,4855.0,false,Ravenna 7,activities/1201031476.fit.gz
1122639972,2017-08-08 00:26:25,Playin with that higher cadence,Run,Higher cadence with midfoot/forefoot strike. Will bike tomorrow. Figured it's time to get in shape for real. Lol. ,830,3261.6,false,Ravenna 7,activities/1227360507.fit.gz
1123352582,2017-08-08 13:04:05,Bunny hops ,Ride,"",3103,14495.2,false,Trek Superfly,activities/1228084484.fit.gz
1126015299,2017-08-10 00:56:09,Sandy Downhills ,Ride,"",4443,19848.6,false,Trek Superfly,activities/1230786220.fit.gz
1132043130,2017-08-13 17:48:09,"Lazy Sunday, woke up in the late afternoon",Ride,"",287,2619.7,false,Trek Superfly,activities/1236945404.fit.gz
1134856682,2017-08-15 13:06:34,Run with the Boise boys ,Run,"",3905,12180.9,false,Ravenna 7,activities/1239809020.fit.gz
1137557125,2017-08-17 00:53:27,"Broke a spoke, smacked my shin, ran off the trail ",Ride,"",3313,16377.2,false,Trek Superfly,activities/1242549004.fit.gz
1145570656,2017-08-22 01:11:02,DONT LISTEN TO MUSIC WHILE RIDING SINGLE TRACK IT MAKES IT IMPOSSIBLE TO PASS ,Ride,"",2766,15027.2,false,Trek Superfly,activities/1250697496.fit.gz
1147357911,2017-08-23 00:29:12,Gnats in the eyes ,Ride,"",6388,25785.5,false,Trek Superfly,activities/1252517518.fit.gz
1155278116,2017-08-27 15:16:28,Snakebites w when keg ,Run,"",821,3251.7,false,Ravenna 7,activities/1260549582.fit.gz
1155278573,2017-08-27 15:43:46,Jabs knew owner ,Ride,"",3234,23484.0,false,Trek Superfly,activities/1260550027.fit.gz
1156696002,2017-08-28 14:16:50,Morning Run,Run,,2024,6445.0,false,Ravenna 7,activities/1261983422.fit.gz
1158043705,2017-08-29 13:16:04,Cadence at 171!,Run,"Ran with Alec, Herman, Dave, and TZ. Beautiful cool morning weather.  ",1782,6446.0,false,Ravenna 7,activities/1263340455.fit.gz
1160700549,2017-08-30 13:05:55,Pitiful ,Run,"",893,3231.5,false,Ravenna 7,activities/1266014334.fit.gz
1163375284,2017-09-01 13:07:56,Mid booiiiii ,Run,"",1835,6444.4,false,Ravenna 7,activities/1268710808.fit.gz
1164454828,2017-09-02 13:14:19,'Long' Run ,Run,"With Soko, Alec, Dave (33%), and Mitchell. Felt surprisingly good. Feet are sore and a little raw from higher cadence. ",2563,9663.1,false,Ravenna 7,activities/1269807119.fit.gz
1166324376,2017-09-03 13:15:06,Last day of pre camp ,Run,"",880,3238.0,false,Ravenna 7,activities/1271710534.fit.gz
1169889314,2017-09-04 13:38:09,Jog ,Run,"",1718,6390.6,false,Ravenna 7,activities/1275315136.fit.gz
1169889800,2017-09-05 14:20:40,Big woods park ,Run,"",1767,5938.4,false,Ravenna 7,activities/1275315693.fit.gz
1171222483,2017-09-06 13:36:39,Running watch on work out ,Run,"",3773,11821.5,false,Ravenna 7,activities/1276667129.fit.gz
1173452948,2017-09-07 20:56:35,Afternoon Run,Run,,2131,8050.2,false,Ravenna 7,activities/1278923221.fit.gz
1174717608,2017-09-08 20:40:17,Cross campus ,Run,"",2325,7293.2,false,Ravenna 7,activities/1280204124.fit.gz
1178382103,2017-09-09 14:18:03,Warm Up ,Run,"",694,2722.9,false,Ravenna 7,activities/1283939024.fit.gz
1178382181,2017-09-09 15:03:15,17:49,Run,"",1072,5049.4,false,Ravenna 7,activities/1283939112.fit.gz
1178382229,2017-09-09 15:44:05,Shuffle down ,Run,"",405,1420.9,false,Ravenna 7,activities/1283939158.fit.gz
1179729383,2017-09-11 23:03:09,Sat on the indoor bike ,Ride,,2400,0.0,false,Trek Superfly,
1181377201,2017-09-12 20:35:02,Afternoon Run,Run,,1058,3700.2,false,Ravenna 7,activities/1286967256.fit.gz
1183660447,2017-09-13 20:30:00,Inside biking ,Ride,,2400,0.0,false,Trek Superfly,
1184344233,2017-09-14 20:54:02,Afternoon Run,Run,,1784,6450.4,false,Ravenna 7,activities/1289967013.fit.gz
1185642732,2017-09-15 20:35:17,Afternoon Run,Run,,2470,7278.0,false,Ravenna 7,activities/1291281993.fit.gz
1186910283,2017-09-16 14:18:33,WU,Run,"",709,2712.2,false,Ravenna 7,activities/1292567948.fit.gz
1186910434,2017-09-16 15:00:09,Nope. ,Run,"",752,3445.1,false,Ravenna 7,activities/1292568101.fit.gz
1192132314,2017-09-19 20:35:02,Afternoon Run,Run,,1336,5018.4,false,Ravenna 7,activities/1297874784.fit.gz
1193538181,2017-09-18 20:30:00,Indoor bike,Ride,,2400,0.0,false,Trek Superfly,
1200346762,2017-09-20 20:33:46,Afternoon Run,Run,,2316,8314.3,false,Ravenna 7,activities/1306229982.fit.gz
1200346903,2017-09-22 15:25:27,Morning Run,Run,,1929,4957.3,false,Ravenna 7,activities/1306230099.fit.gz
1201797140,2017-09-25 20:23:49,Run!,Run,"",2358,8925.9,false,Ravenna 7,activities/1307695559.fit.gz
1204307541,2017-09-26 20:52:56,Another run ,Run,"",2210,7593.8,false,Ravenna 7,activities/1310222022.fit.gz
1204902354,2017-09-27 20:34:02,Afternoon Run,Run,,1696,6147.7,false,Ravenna 7,activities/1310823243.fit.gz
1206459525,2017-09-28 20:54:54,Cross campus ,Run,"",2552,7344.7,false,Ravenna 7,activities/1312401560.fit.gz
1207677026,2017-09-29 20:30:43,WU,Run,"",590,2161.4,false,Ravenna 7,activities/1313634200.fit.gz
1207731078,2017-09-29 21:14:42,Finished. ,Run,"",1753,8068.6,false,Ravenna 7,activities/1313688842.fit.gz
1207858397,2017-09-29 22:01:32,CD,Run,"",1395,3026.5,false,Ravenna 7,activities/1313818398.fit.gz
1209126702,2017-09-30 14:40:23,Getting in some more mileage ,Run,"",3116,10741.1,false,"",activities/1315109261.fit.gz
1211149017,2017-10-01 14:50:37,Half of TC Marathon with Erin,Run,"",7669,22276.0,false,"",activities/1317163658.fit.gz
1218010983,2017-10-03 20:30:59,P good ,Run,"",2408,8772.3,false,"",activities/1324093339.fit.gz
1218011157,2017-10-04 20:34:59,Feeling last weeks increased mileage ,Run,"",2099,5798.8,false,"",activities/1324093500.fit.gz
1218114827,2017-10-05 20:30:00,Sweet pools of Sweat ,Ride,"",2700,0.0,false,Trek Superfly,
1219236666,2017-10-06 20:30:00,Pedal pedal ,Ride,,1800,0.0,false,Trek Superfly,
1219238993,2017-10-06 20:30:00,Spin around upstairs track,Run,,732,3218.69,false,"",
1219825211,2017-10-07 20:33:36,A run ,Run,"",1801,6750.5,false,"",activities/1325936269.fit.gz
1227249358,2017-10-11 20:34:19,Afternoon Run,Run,,1442,5128.9,false,"",activities/1333440564.fit.gz
1227252176,2017-10-09 20:33:55,Afternoon Run,Run,,1808,6420.5,false,"",activities/1333440328.fit.gz
1227506419,2017-10-12 20:57:09,Run and 8x30 seconds ,Run,"",3017,11443.3,false,"",activities/1333698934.fit.gz
1228959470,2017-10-13 20:38:28,From the Heavens from the heavens...,Run,"",3185,6909.3,false,"",activities/1335170621.fit.gz
1229826150,2017-10-14 14:41:50,Morning Run,Run,,622,2233.7,false,"",activities/1336056370.fit.gz
1233224868,2017-10-15 19:59:12,Afton,Run,"",2770,9052.9,false,"",activities/1339517050.fit.gz
1233727013,2017-10-16 20:40:13,Short Arb ,Run,"",3309,11111.5,false,"",activities/1340024510.fit.gz
1235302979,2017-10-17 20:34:29,WU ,Run,"",1022,3776.9,false,"",activities/1341615667.fit.gz
1235303149,2017-10-17 20:57:00,Jiggity jog ,Run,"",1414,5602.9,false,"",activities/1341615833.fit.gz
1235303283,2017-10-17 21:22:18,Shuffle ,Run,"",661,2163.3,false,"",activities/1341615959.fit.gz
1236793190,2017-10-18 20:36:21,Arbo,Run,"",3158,10827.0,false,"",activities/1343117448.fit.gz
1238194793,2017-10-19 20:55:40,Afternoon Run,Run,,1526,5314.3,false,"",activities/1344524823.fit.gz
1241208284,2017-10-20 20:31:31,Afternoon Run,Run,,526,2016.3,false,"",activities/1347583378.fit.gz
1241208334,2017-10-20 20:53:13,Afternoon Run,Run,,1437,5419.6,false,"",activities/1347583437.fit.gz
1242748325,2017-10-22 20:35:17,Rounding off the week ,Run,"",4169,13279.3,false,"",activities/1349151753.fit.gz
1243985616,2017-10-23 20:31:59,Rehearsal ,Run,"",2265,8082.4,false,"",activities/1350407010.fit.gz
1245479105,2017-10-24 21:23:05,Solo wo,Run,"",1768,6663.5,false,"",activities/1351910575.fit.gz
1245479133,2017-10-24 21:53:34,Part of CD ,Run,"",297,1130.1,false,"",activities/1351910624.fit.gz
1246913685,2017-10-25 20:34:33,30 to 40 minutes. ,Run,"",2050,7425.1,false,"",activities/1353356550.fit.gz
1253030374,2017-10-26 21:18:03,"""Whatever you see fit"" ",Run,"",539,1849.9,false,"",activities/1359548572.fit.gz
1253030415,2017-10-27 20:37:43,Over the river ,Run,"",2094,6898.6,false,"",activities/1359548603.fit.gz
1253030474,2017-10-28 16:00:05,Conference ,Run,100 degrees Celsius. 345mph wind. Horizontal snow. Not really up to par considering the amount of effort that I put in this year. ,1766,8092.8,false,"",activities/1359548672.fit.gz
1254156969,2017-10-30 20:39:16,Watch died ,Run,"",5963,6516.0,false,"",activities/1360678436.fit.gz
1255481233,2017-10-31 20:36:04,Warm up ,Run,"",614,2227.0,false,"",activities/1362012063.fit.gz
1255481294,2017-10-31 20:54:25,Mowgli has the real record ,Run,"",169,1022.5,false,"",activities/1362012140.fit.gz
1255481418,2017-10-31 21:05:01,Cool down ,Run,"",498,1603.3,false,"",activities/1362012262.fit.gz
1258632847,2017-11-01 20:38:16,Afternoon Run,Run,,79266,6947.9,false,"",activities/1365196911.fit.gz
1258632946,2017-11-02 20:46:01,Warm up for the best race of the year,Run,"",773,2797.4,false,"",activities/1365196990.fit.gz
1258633141,2017-11-02 21:30:30,Karhu!! ,Run,Better than conference.  Had lots of energy left at the end...,1731,8100.8,false,"",activities/1365197160.fit.gz
1258633189,2017-11-02 22:16:05,Indoor cool down,Run,"",641,2469.6,false,"",activities/1365197226.fit.gz
1269772285,2017-11-10 21:44:01,Afternoon Run,Run,,814,3267.7,false,"",activities/1376405321.fit.gz
1275636037,2017-11-14 21:36:30,Afternoon Run,Run,,1314,4838.2,false,"",activities/1382308516.fit.gz
1277088788,2017-11-15 21:35:18,Back to running ,Run,"",2783,10086.7,false,"",activities/1383765895.fit.gz
1282810816,2017-11-16 22:02:21,Over the river ,Run,"",2944,6790.4,false,"",activities/1389528500.fit.gz
1282810954,2017-11-19 21:37:35,Blood trail ,Run,"",2988,10603.2,false,"",activities/1389528642.fit.gz
1283892544,2017-11-20 21:32:35,5,Run,"",2238,8064.5,false,"",activities/1390608215.fit.gz
1287541127,2017-11-23 15:39:09,Morning Run,Run,,1372,4811.8,false,"",activities/1394274571.fit.gz
1293368917,2017-11-27 21:37:31,Okay now for real ,Run,"",2279,7733.9,false,"",activities/1400150700.fit.gz
1295867383,2017-11-28 21:38:05,Short sleeves ,Run,"",3080,10290.5,false,"",activities/1402689704.fit.gz
1296049688,2017-11-29 21:31:21,SOCCMBPR,Run,"",1691,6407.1,false,"",activities/1402875506.fit.gz
1297246267,2017-11-30 21:57:25,Out and back ,Run,"",1998,6431.6,false,"",activities/1404101567.fit.gz
1299658668,2017-12-02 17:33:29,ABR,Run,"",20009,10770.7,false,"",activities/1406583502.fit.gz
1302365889,2017-12-04 21:34:45,1x Bill Special ,Run,"",2675,9667.6,false,"",activities/1409377002.fit.gz
1303714302,2017-12-05 21:37:25,Almost got a middle schooler crushed by the train ,Run,"",2368,7360.5,false,"",activities/1410759944.fit.gz
1303714477,2017-12-05 22:18:34,Afternoon Run,Run,,227,865.1,false,"",activities/1410760145.fit.gz
1305067123,2017-12-06 21:38:07,Ole Coldvaag,Run,"",3901,9898.2,false,"",activities/1412143223.fit.gz
1306367436,2017-12-07 21:49:22,WU,Run,"",854,3266.3,false,"",activities/1413468293.fit.gz
1306367449,2017-12-07 22:28:43,Doctor Kross Memorial 2K Christmas Run (5:57),Run,Garmin fucked up the distance ,356,1705.5,false,"",activities/1413468309.fit.gz
1306367467,2017-12-07 22:49:33,CD,Run,"",860,3244.9,false,"",activities/1413468341.fit.gz
1308610031,2017-12-08 21:34:52,Indoors ,Run,"",1353,5072.9,false,"",activities/1415771777.fit.gz
1308610093,2017-12-09 21:44:58,Inside ,Run,"",1757,6431.7,false,"",activities/1415771838.fit.gz
1318829991,2017-12-14 21:44:32,Afternoon Run,Run,,841,3255.9,false,"",activities/1426258620.fit.gz
1319726768,2017-12-18 21:36:51,Afternoon Run,Run,,1746,6558.8,false,"",activities/1427185837.fit.gz
1323569936,2017-12-22 23:30:41,Post nasal drip induced gagging ,Run,"",2322,8092.5,false,"",activities/1431121670.fit.gz
1341204853,2018-01-04 21:59:13,Run with Reuben ,Run,"",3087,11291.9,false,"",activities/1449411533.fit.gz
1342664824,2018-01-05 23:50:27,Feeling tapered. Building back into shape. ,Run,"",1160,4873.0,false,"",activities/1450927699.fit.gz
1349903630,2018-01-10 11:12:29,Everything is numbered,Run,Slightly hilly with a few sidewalk inconsistencies for tripping. ,1787,6450.5,false,"",activities/1458570218.fit.gz
1351828844,2018-01-11 14:19:36,Run with Frank,Run,"",3067,9681.4,false,"",activities/1460542504.fit.gz
1353614852,2018-01-12 18:17:20,Jaguars on one side and standing water on the other ,Run,"",1973,6467.3,false,"",activities/1462369663.fit.gz
1355851771,2018-01-13 19:24:05,Love to run through puddles... ,Run,"",1267,4870.9,false,"",activities/1464683339.fit.gz
1364509584,2018-01-18 19:42:48,Circle park ,Run,"",3060,9685.4,false,"",activities/1473639166.fit.gz
1370986790,2018-01-20 09:57:21,Morning Run,Run,,2162,6467.4,false,"",activities/1480415913.fit.gz
1370989440,2018-01-21 08:47:20,Morning Run,Run,,2113,7351.1,false,"",activities/1480418648.fit.gz
1370992488,2018-01-23 09:51:14,Morning Run,Run,,2147,8110.5,false,"",activities/1480421795.fit.gz
1378613794,2018-01-27 16:23:50,Afternoon Run,Run,,3218,9616.4,false,"",activities/1488212752.fit.gz
1381377253,2018-01-29 13:43:25,Last time around the park ,Run,"",2984,9733.7,false,"",activities/1491113612.fit.gz
1393116043,2018-02-05 17:31:25,#%*!•,Run,"",2506,8126.1,false,"",activities/1503272922.fit.gz
1396812041,2018-02-07 21:34:08,Back with the boys ,Run,"",2910,9867.0,false,"",activities/1507060770.fit.gz
1399216352,2018-02-08 21:52:25,Cross campus ,Run,"",2190,7561.3,false,"",activities/1509721670.fit.gz
1407928518,2018-02-14 21:50:13,Solo snipe! ,Run,"",2339,8788.0,false,"",activities/1519607473.fit.gz
1408030259,2018-02-13 22:19:25,Indoors ,Run,"",1826,6636.5,false,"",activities/1519724411.fit.gz
1410689052,2018-02-15 21:35:08,Cross ,Run,"",2195,7501.9,false,"",activities/1522627625.fit.gz
1410904619,2018-02-16 21:36:59,Afternoon Run,Run,,2161,7149.3,false,"",activities/1522862120.fit.gz
1414715580,2018-02-17 18:38:24,Lunch Run,Run,,568,2139.8,false,"",activities/1526972417.fit.gz
1414715679,2018-02-17 19:22:58,2:45 k lol ,Run,"",165,831.3,false,"",activities/1526972525.fit.gz
1421266541,2018-02-21 21:51:26,Afternoon Run,Run,,1278,4868.3,false,"",activities/1533823054.fit.gz
1421266622,2018-02-22 21:46:46,Afternoon Run,Run,,1575,6123.3,false,"",activities/1533823139.fit.gz
1421268187,2018-02-19 21:33:39,Afternoon Run,Run,,1785,6621.1,false,"",activities/1533822955.fit.gz
1433174680,2018-02-26 21:43:04,Snipe ,Run,"",2590,9186.0,false,"",activities/1546131323.fit.gz
1433175034,2018-02-28 21:35:30,Carlington ,Run,"",2180,7150.8,false,"",activities/1546131570.fit.gz
1433175242,2018-03-01 21:38:05,Long Bryce ,Run,"",3471,11622.4,false,"",activities/1546131905.fit.gz
1436490179,2018-03-03 21:32:04,Primo’s first snipe ,Run,"",2637,8808.6,false,"",activities/1549579225.fit.gz
1436865389,2018-03-04 22:00:59,Solo cross ,Run,"",1829,7169.1,false,"",activities/1549973315.fit.gz
1439096883,2018-03-05 21:33:39,Monotony ,Run,"",2229,8592.9,false,"",activities/1552279809.fit.gz
1439900518,2018-03-06 21:34:12,Sloppy ,Run,"",2363,7692.6,false,"",activities/1553101035.fit.gz
1441570554,2018-03-07 21:35:35,Gotta go slower ,Run,"",2939,9795.3,false,"",activities/1554812849.fit.gz
1443327807,2018-03-09 02:41:40,Core Day ,Run,,1,0.0,false,"",
1445962727,2018-03-09 21:34:30,Byrceeee,Run,"",3313,11668.6,false,"",activities/1559349993.fit.gz
1448550965,2018-03-10 21:24:02,Indoors w/ 100 m float,Run,"",1702,6446.5,false,"",activities/1562068865.fit.gz
1448551230,2018-03-11 20:34:30,Running ,Run,"",2855,9840.0,false,"",activities/1562069102.fit.gz
1452647589,2018-03-13 20:36:47,Sunny run with pirate Jrue ,Run,"",2655,8806.1,false,"",activities/1566279201.fit.gz
1453619769,2018-03-14 20:35:01,Saw Griff!!!,Run,Panned on running 5 miles.  Felt good.  Kept running.,4217,14909.0,false,"",activities/1567275563.fit.gz
1455098035,2018-03-15 20:37:35,Afternoon Run,Run,,2105,7118.3,false,Ghost 7s ,activities/1568788335.fit.gz
1457744836,2018-03-17 14:37:12,Up Tempo Effort ,Run,"",2689,5415.3,false,Ghost 7s ,activities/1571508081.fit.gz
1462401635,2018-03-19 20:37:31,Short Bryce ,Run,"",2876,9855.8,false,Ghost 7s ,activities/1576332328.fit.gz
1466556178,2018-03-20 21:42:04,Across,Run,"",2150,7150.0,false,Ghost 7s ,activities/1580677009.fit.gz
1466556721,2018-03-22 20:38:11,Fun Bryce,Run,"",3219,11675.4,false,Ghost 7s ,activities/1580677589.fit.gz
1471343026,2018-03-23 20:37:16,Afternoon Run,Run,,3321,11661.8,false,Ghost 7s ,activities/1585661390.fit.gz
1471343362,2018-03-25 01:45:57,10 hours of driving - night run ,Run,"",2135,8100.2,false,Ghost 7s ,activities/1585661805.fit.gz
1471587704,2018-03-25 15:44:33,Day one! ,Run,"",3184,11274.4,false,Ghost 7s ,activities/1585929637.fit.gz
1473352107,2018-03-26 16:12:51,Gradual up ,Run,"",3532,11277.1,false,Ghost 7s ,activities/1587795819.fit.gz
1476477399,2018-03-27 21:16:41,WU,Run,"",1292,4592.7,false,Ghost 7s ,activities/1591027255.fit.gz
1476477826,2018-03-27 21:50:57,Workout with Jrue,Run,3*4*200 with 10’ recovery between sets. ,2515,6904.6,false,Ghost 7s ,activities/1591027691.fit.gz
1476477934,2018-03-27 22:40:15,CD,Run,"",543,1640.5,false,Ghost 7s ,activities/1591027831.fit.gz
1476867139,2018-03-28 17:30:59,Stiff and Hazy ,Run,"",3000,10037.2,false,Ghost 7s ,activities/1591424276.fit.gz
1478663964,2018-03-29 18:45:50,WU,Run,"",1242,4587.4,false,Ghost 7s ,activities/1593279763.fit.gz
1478664162,2018-03-29 19:22:55,Reluctant Workout ,Run,"",1545,4495.9,false,Ghost 7s ,activities/1593279974.fit.gz
1478664262,2018-03-29 19:57:50,Shuffle ,Run,"",503,1617.8,false,Ghost 7s ,activities/1593280097.fit.gz
1480347278,2018-03-30 16:22:50,Magnolia,Run,"",3074,9662.8,false,Ghost 7s ,activities/1595037416.fit.gz
1484389715,2018-04-01 20:36:56,9 Ball,Run,"Food consumed: potatoes and onions. 
Miles run: 9. ",4125,14531.9,false,Ghost 7s ,activities/1599289457.fit.gz
1489555297,2018-04-02 20:32:24,So tired,Run,"",1933,6570.3,false,Ghost 7s ,activities/1604641184.fit.gz
1489857405,2018-04-04 20:33:56,Warm up ,Run,"",1326,4763.7,false,Ghost 7s ,activities/1604949318.fit.gz
1489857541,2018-04-04 21:06:39,Indoor workout ,Run,4*broken 800 ,1683,5402.6,false,Ghost 7s ,activities/1604949497.fit.gz
1489857647,2018-04-04 21:41:36,Shuffle down ,Run,"",485,1738.7,false,Ghost 7s ,activities/1604949580.fit.gz
1489857703,2018-04-04 22:43:49,The long road back to porter ,Run,"",105,363.1,false,Ghost 7s ,activities/1604949616.fit.gz
1491759355,2018-04-05 20:37:17,Jeff ,Run,"",4084,13868.9,false,Ghost 7s ,activities/1606907194.fit.gz
1493337067,2018-04-06 20:33:46,Again!!,Run,Cold and windy. ,4084,14525.2,false,Ghost 7s ,activities/1608538958.fit.gz
1495341845,2018-04-07 20:36:29,Burner ,Run,"",1119,3958.5,false,Ghost 7s ,activities/1610615626.fit.gz
1495341957,2018-04-07 21:07:49,Gassed - need more sleep,Run,"",1045,3693.6,false,Ghost 7s ,activities/1610615742.fit.gz
1495342055,2018-04-07 21:37:33,Burner ,Run,"",1086,3965.1,false,Ghost 7s ,activities/1610615826.fit.gz
1497836103,2018-04-08 19:54:11,End of the week jog ,Run,"",3110,11274.8,false,Ghost 7s ,activities/1613274981.fit.gz
1499285880,2018-04-09 20:31:29,WU with the boys ,Run,"",1072,3947.5,false,Ghost 7s ,activities/1614807653.fit.gz
1499444077,2018-04-09 21:03:55,Broken 600s,Run,"First two were great, but lunch came up and made the last three tough. I’ll be eating lunch 4 hours before workouts from now on. ",1722,5217.3,false,Ghost 7s ,activities/1614970239.fit.gz
1499444187,2018-04-09 21:43:13,CD,Run,"",1196,3969.4,false,Ghost 7s ,activities/1614970347.fit.gz
1505301265,2018-04-11 20:33:56,Cross campus with Carl’s ,Run,"",1928,6237.2,false,Ghost 7s ,activities/1620996843.fit.gz
1505301341,2018-04-12 22:05:34,WU - 45 minutes too early ,Run,"",916,3276.9,false,Ghost 7s ,activities/1620996945.fit.gz
1505301394,2018-04-12 23:50:12,Lactic cool down ,Run,"",584,1667.1,false,Ghost 7s ,activities/1620997005.fit.gz
1505329021,2018-04-13 03:12:13,800 Opener ,Run,"Meet was 45 minutes delayed. Got cold and boxed in. Okay race. 
",123,804.7,false,Ghost 7s ,
1511031550,2018-04-13 20:35:46,Dejavú ,Run,"",1883,6297.2,false,Ghost 7s ,activities/1626983754.fit.gz
1511031597,2018-04-14 18:03:14,WU around Carleton indoor track ,Run,"",661,2348.5,false,Ghost 7s ,activities/1626983819.fit.gz
1511042090,2018-04-14 18:45:21,Indoor 800 - Snowlex,Run,Thought we were going to make it strategic... haha ,124,804.7,false,Ghost 7s ,
1512816843,2018-04-16 20:46:25,Snowy birthday run ,Run,"",2706,10278.6,false,Ghost 7s ,activities/1628836986.fit.gz
1525458553,2018-04-18 20:30:00,Back to a lower layer of Hell,Ride,Leg is feeling that awesome stress fracture twinge of pain.  Sweated my ass of for lots of indoor bike time.  ,5400,0.0,false,Trek Superfly,
1525462745,2018-04-20 20:32:55,Testing ... Testing,Run,Felt out leg to see if it was smart to race.  Answer: nope.  Should be good to go by Mac Twilight if prudent.  ,1029,3749.3,false,Ghost 7s ,activities/1641995644.fit.gz
1525477379,2018-04-19 20:30:00,Elliptical ,Run,Found a new podcast - wished I was at Porter,2700,0.0,false,Ghost 7s ,
1535004228,2018-04-23 20:37:04,running running runnin,Run,"",1905,6937.0,false,Ghost 7s ,activities/1651939313.fit.gz
1535004391,2018-04-24 21:14:14,After lab,Run,"",960,3233.7,false,Ghost 7s ,activities/1651939489.fit.gz
1535004618,2018-04-25 20:33:30,Why even label runs?,Run,"",1825,6107.8,false,Ghost 7s ,activities/1651939723.fit.gz
1535004808,2018-04-26 22:24:02,Warm up ,Run,"",928,3226.3,false,Ghost 7s ,activities/1651939925.fit.gz
1535005024,2018-04-26 23:31:27,Cool down,Run,"",959,3226.3,false,Ghost 7s ,activities/1651940123.fit.gz
1535519128,2018-04-27 20:28:37,Cross again! ,Run,"",1762,6039.1,false,Ghost 7s ,activities/1652468538.fit.gz
1537768216,2018-04-28 19:22:20,Warm up ,Run,"",546,1979.0,false,Ghost 7s ,activities/1654784766.fit.gz
1537768289,2018-04-28 20:33:50,Cool down ,Run,"",637,1994.2,false,Ghost 7s ,activities/1654784849.fit.gz
1537770130,2018-04-28 20:05:40,Gustavus 800m - 2:00.40,Run,Split it evenly lol ,120,804.7,false,Ghost 7s ,
1537774103,2018-04-26 22:30:04,1500m - Macalester 4:18 ,Run,"",258,1500.0,false,Ghost 7s ,
1541677932,2018-04-30 20:31:20,Hothumidbad ,Run,"",2958,9470.0,false,Ghost 7s ,activities/1658811029.fit.gz
1546377927,2018-05-02 22:06:32,Warm up while watching 1500 ,Run,"",918,3283.5,false,Ghost 7s ,activities/1663621389.fit.gz
1546377996,2018-05-02 23:10:15,Short jog before 4x400,Run,"",406,1351.5,false,Ghost 7s ,activities/1663621513.fit.gz
1546379445,2018-05-02 22:10:00,Rolex 800m - 1:58.36 ,Run,Best race of the season! Felt good to run a competitive heat with almost just the boys. ,118,804.7,false,Ghost 7s ,
1546382775,2018-05-02 23:46:02,Round pond loop ,Run,"",683,2376.4,false,Ghost 7s ,activities/1663626516.fit.gz
1548237795,2018-05-03 20:34:53,Short arb ,Run,"",2633,9513.2,false,Ghost 7s ,activities/1665517694.fit.gz
1551834445,2018-05-04 20:37:21,Grinder day,Run,"",1239,3896.1,false,Ghost 7s ,activities/1669217643.fit.gz
1551834838,2018-05-05 16:11:18,Tired for the warm up ,Run,"",907,3233.7,false,Ghost 7s ,activities/1669218022.fit.gz
1551834939,2018-05-05 17:25:24,Cramping cool down ,Run,"",282,817.9,false,Ghost 7s ,activities/1669218122.fit.gz
1551847295,2018-05-05 16:55:00,Meet of Saints 1500m - 4:17,Run,"5.5 hours of sleep / two granola bars / orange juice / 200mg of caffeine 

- tired for the whole race, but ran a PR by half a second ",257,1500.0,false,Ghost 7s ,
1562050647,2018-05-09 20:32:43,Afternoon Run,Run,,960,3735.9,false,Ghost 7s ,activities/1679722352.fit.gz
1562050992,2018-05-07 20:34:06,Afternoon Run,Run,,2745,9483.1,false,Ghost 7s ,activities/1679722099.fit.gz
1562051433,2018-05-09 20:59:52,Afternoon Run,Run,,198,874.6,false,Ghost 7s ,activities/1679723153.fit.gz
1562051999,2018-05-09 21:13:24,Afternoon Run,Run,,892,3222.7,false,Ghost 7s ,activities/1679723754.fit.gz
1563755575,2018-05-10 20:38:40,Afternoon Run,Run,,1711,6055.3,false,Ghost 7s ,activities/1681517541.fit.gz
1572347086,2018-05-14 20:35:11,Dilly Bar Run 2018 ,Run,Garmin thinks I set a PR in the mile ,2395,4239.6,false,Ghost 7s ,activities/1690788529.fit.gz
1572347215,2018-05-11 23:24:20,Evening Run,Run,,597,1966.1,false,Ghost 7s ,activities/1690788267.fit.gz
1572347228,2018-05-12 00:34:38,Evening Run,Run,,262,787.0,false,Ghost 7s ,activities/1690788353.fit.gz
1587561617,2018-05-19 21:52:46,WU ,Run,"",324,1203.3,false,Ghost 7s ,activities/1706531621.fit.gz
1587561631,2018-05-19 22:22:03,Beer mile - 14:24ish ,Run,Felt bad the entire time. Lots of puke. ,866,2159.2,false,Ghost 7s ,activities/1706531690.fit.gz
1587561753,2018-05-20 20:22:59,Back to running ,Run,"",2919,9899.0,false,Ghost 7s ,activities/1706531822.fit.gz
1587561869,2018-05-21 20:34:00,Achy achy ,Run,"",2728,9449.1,false,Ghost 7s ,activities/1706531954.fit.gz
1593454158,2018-05-23 16:36:39,Spring ABR 2018 ,Run,"",31945,11340.7,false,Ghost 7s ,activities/1712626716.fit.gz
1604239091,2018-05-29 17:36:41,Getting familiar with Oak Park ,Ride,,3600,19312.2,false,Trek Superfly,
1605084304,2018-05-30 00:20:29,Yo to the burbs with Erin ,Run,"",2277,7350.7,false,Ghost 7s ,activities/1725020770.fit.gz
1610929916,2018-06-01 00:32:03,Run to Barclays ,Run,"",1032,3162.2,false,Ghost 7s ,activities/1731264730.fit.gz
1610930078,2018-06-01 21:58:16,Exploring on my own ,Run,"",2095,6942.8,false,Ghost 7s ,activities/1731264897.fit.gz
1610930301,2018-06-01 23:09:01,Slow miles keep the pain at bay ,Run,"",3104,9767.2,false,Ghost 7s ,activities/1731265128.fit.gz
1615876573,2018-06-03 18:26:00,Biding my time till new shoes arrive ,Run,"",3187,9667.2,false,Ghost 7s ,activities/1736519245.fit.gz
1615993816,2018-05-30 12:00:00,Commute to / from work ,Ride,,1800,9656.08,false,Trek Superfly,
1615994340,2018-05-31 12:00:00,Commute ,Ride,,1800,9656.08,false,Trek Superfly,
1615994697,2018-06-01 12:00:50,Commute ,Ride,,1800,9656.08,false,Trek Superfly,
1617886646,2018-06-04 23:39:26,With Oak Park Runners’ Club ,Run,Scoop de poop ,3205,8764.6,false,Ghost 7s ,activities/1738681226.fit.gz
1617895481,2018-06-04 12:15:59,Commute ,Ride,,2100,9656.08,false,Trek Superfly,
1620651000,2018-06-05 12:10:00,Commute ,Ride,"Too scared to run on old shoes while leg is still achy. Plus, I’ll be doing lots of mileage this weekend. ",1920,9656.08,false,Trek Superfly,
1631023601,2018-06-09 04:33:57,Easy night section ,Run,"All alone in the dark
",2361,9818.4,false,Ghost 7s ,activities/1752783654.fit.gz
1631023654,2018-06-08 20:06:14,Beginning of Relay Iowa ,Run,Hot and humid ,2550,9815.8,false,Ghost 7s ,activities/1752783561.fit.gz
1631023680,2018-06-09 12:26:07,Gradual slow down ,Run,"",2546,9812.4,false,Ghost 7s ,activities/1752783720.fit.gz
1631023723,2018-06-09 20:16:13,DEATH,Run,Lots of leg pain ,875,3258.8,false,Ghost 7s ,activities/1752783764.fit.gz
1631023762,2018-06-09 21:12:50,AFTERGLOW,Run,Hobbled through pain ,952,3275.8,false,Ghost 7s ,activities/1752783811.fit.gz
1631023816,2018-06-10 09:07:48,DESCENT,Run,"Blatantly ignored pain 
  ",1344,4888.5,false,Ghost 7s ,activities/1752783863.fit.gz
1631023868,2018-06-10 09:51:02,INFERNO,Run,Continued ignoring pain ,913,3294.2,false,Ghost 7s ,activities/1752784003.fit.gz
1645656777,2018-06-15 22:20:19,Ride while Erin ran,Ride,"",3324,9630.2,false,Trek Superfly,activities/1768124331.fit.gz
1652922601,2018-06-19 23:53:02,Yes,Run,"",1829,4834.8,false,Ghost 7s ,activities/1775716139.fit.gz
1652923038,2018-06-20 21:48:52,This is a run,Run,"",1970,5815.1,false,Ghost 7s ,activities/1775716548.fit.gz
1657460470,2018-06-23 16:07:18,Quick spin round the block,Run,"",2254,6506.7,false,Ghost 7s ,activities/1780452849.fit.gz
1660304729,2018-06-24 21:49:59,Sky Rockets In Flight,Run,"",3125,9668.3,false,Ghost 7s ,activities/1783443021.fit.gz
1662361188,2018-06-25 23:55:21,Easy 4,Run,"",2181,6456.2,false,Ghost 7s ,activities/1785596448.fit.gz
1666641854,2018-06-27 21:42:10,Suburbia,Run,"",4347,9670.1,false,Ghost 7s ,activities/1790020656.fit.gz
1674918228,2018-07-01 15:30:11,Hot Hot Hot,Run,"",3939,11394.3,false,Ghost 7s ,activities/1798612193.fit.gz
1677145302,2018-07-02 23:54:05,A strenuous two consecutive days of running,Run,Gaining momentum as we move into the month of July ,1484,4833.7,false,Ghost 7s ,activities/1800918598.fit.gz
1680783214,2018-07-04 16:09:59,Hangry,Run,"",3581,9705.1,false,Ghost 7s ,activities/1804668376.fit.gz
1683643831,2018-07-05 21:20:13,Easy day,Run,"",1,1.5,false,Ghost 7s ,activities/1807624865.fit.gz
1685358395,2018-07-06 21:41:02,A little fast,Run,"",3532,11098.2,false,Ghost 7s ,activities/1809399056.fit.gz
1686915369,2018-07-07 14:16:41,Stretch of the legs,Run,Need to update shoes on strava,5296,16099.7,false,Ghost 7s ,activities/1811013563.fit.gz
1690264186,2018-07-09 00:43:08,Evening Run,Run,,666,1902.5,false,Ghost 7s ,activities/1814511604.fit.gz
1696585138,2018-07-11 22:43:08,Afternoon Run,Run,,2824,8410.8,false,Ghost 7s ,activities/1821101016.fit.gz
1707533353,2018-07-16 23:49:32,Evening Run,Run,,1414,4651.0,false,Ghost 7s ,activities/1832479193.fit.gz
1709706707,2018-07-17 22:50:43,Run without Erin,Run,"",1831,7142.9,false,Ghost 7s ,activities/1834718858.fit.gz
1718886149,2018-07-22 00:24:38,Evening Run,Run,,989,3225.4,false,Ghost 7s ,activities/1844890038.fit.gz
1718886731,2018-07-22 01:19:07,Evening Run,Run,,1069,3229.9,false,Ghost 7s ,activities/1844890554.fit.gz
1720221669,2018-07-22 11:30:43,Rock n Roll Half - long run,Run,Made a very last minute decision to run last night at 10:00pm. I was gifted a bib through Chicago Run. No leg pain babbbbyyyyyy!!!!,5572,21492.5,false,Ghost 7s ,activities/1846309207.fit.gz
1733679929,2018-07-28 15:54:52,Wildflowers in the natural lands,Run,"",2466,8056.4,false,Ghost 7s ,activities/1860310692.fit.gz
1735982761,2018-07-29 14:47:42,8 Ball with Birdo and Joey,Run,"",3975,13740.5,false,Ghost 7s ,activities/1862710537.fit.gz
1743520817,2018-08-01 21:25:12,Burbs,Run,"",2188,8233.9,false,Ghost 7s ,activities/1870703070.fit.gz
1745899712,2018-08-02 22:04:40,Maintenance,Run,"",2323,8334.5,false,Ghost 7s ,activities/1873184205.fit.gz
1765482924,2018-08-11 00:23:13,Evening Run,Run,,2069,6476.3,false,Ghost 7s ,activities/1895490027.fit.gz
1765840093,2018-08-11 22:24:06,Dodging branches,Run,"",1503,4846.9,false,Ghost 7s ,activities/1895863678.fit.gz
1772710347,2018-08-14 22:47:36,Oh yeah,Run,"",2474,8136.4,false,Ghost 7s ,activities/1902990119.fit.gz
1780713347,2018-08-18 14:20:06,Back in the foothills,Run,"Lots of waves, hellos, and general affirming verifications of existence",2406,8055.8,false,Ghost 7s ,activities/1911236358.fit.gz
1785430111,2018-08-20 15:34:27,Nostalgic burn of wildfire smoke,Run,"",2201,8054.5,false,Ghost 7s ,activities/1916122544.fit.gz
1788547768,2018-08-21 20:58:59,Patched up the tubes on the trek,Ride,Freestone trail is sandy and in disrepair,4430,19849.4,false,Trek Superfly,activities/1919314205.fit.gz
1801088072,2018-08-27 14:25:42,Back with the boys,Run,"",1540,5776.4,false,Ghost 7s ,activities/1932217546.fit.gz
1802995301,2018-08-28 13:20:07,Rain and cool temps,Run,"",2991,10603.2,false,Ghost 7s ,activities/1934166404.fit.gz
1805463105,2018-08-29 14:37:47,The faster the harder,Run,"",2671,8066.7,false,Ghost 7s ,activities/1936695185.fit.gz
1807653432,2018-08-30 14:30:35,Morning Run,Run,,2329,8098.3,false,Ghost 7s ,activities/1938941854.fit.gz
1809810138,2018-08-31 14:12:40,Morning Run,Run,,2500,8054.2,false,Ghost 7s ,activities/1941145661.fit.gz
1811942868,2018-09-01 13:23:27,Long(er) Run,Run,"",3875,14494.6,false,Ghost 7s ,activities/1943336277.fit.gz
1816662045,2018-09-03 13:36:07,NW roads,Run,"",2232,8064.8,false,Ghost 7s ,activities/1948208245.fit.gz
1818947997,2018-09-04 13:37:39,8 Ball downpour,Run,"",3628,12896.9,false,Ghost 7s ,activities/1950552288.fit.gz
1821222857,2018-09-05 13:35:43,WU,Run,"",649,2329.9,false,Ghost 7s ,activities/1952881197.fit.gz
1821223234,2018-09-05 13:58:43,First workout back,Run,"",2843,10672.0,false,Ghost 7s ,activities/1952881636.fit.gz
1821223338,2018-09-05 14:54:18,CD,Run,"",480,1618.1,false,Ghost 7s ,activities/1952881770.fit.gz
1824255474,2018-09-06 21:03:50,Sharb!!,Run,"",3008,10283.2,false,Ghost 7s ,activities/1955987687.fit.gz
1824603748,2018-09-07 04:50:40,Night Run,Run,,4,0.0,false,Ghost 7s ,activities/1956342892.fit.gz
1826128894,2018-09-07 20:34:47,Afternoon Run,Run,,2381,7570.7,false,Ghost 7s ,activities/1957913157.fit.gz
1827899188,2018-09-08 14:11:50,Morning Run,Run,,727,2631.2,false,Ghost 7s ,activities/1959740239.fit.gz
1827899514,2018-09-08 15:01:21,Morning Run,Run,,1097,5026.2,false,Ghost 7s ,activities/1959740604.fit.gz
1827902612,2018-09-08 15:42:47,Morning Run,Run,,325,747.9,false,Ghost 7s ,activities/1959743807.fit.gz
1833206104,2018-09-10 20:38:21,Afternoon Run,Run,,701,2607.2,false,Ghost 7s ,activities/1965244584.fit.gz
1833225002,2018-09-10 21:01:18,Afternoon Run,Run,,2603,9927.8,false,Ghost 7s ,activities/1965264450.fit.gz
1833225127,2018-09-10 21:46:38,Afternoon Run,Run,,156,511.5,false,Ghost 7s ,activities/1965264550.fit.gz
1835350091,2018-09-11 20:35:32,Afternoon Run,Run,,1371,4832.5,false,Ghost 7s ,activities/1967450439.fit.gz
1837627088,2018-09-12 20:14:19,Afternoon Run,Run,,2533,8473.6,false,Ghost 7s ,activities/1969787260.fit.gz
1840085354,2018-09-13 20:55:40,Afternoon Run,Run,,2206,8085.0,false,Ghost 7s ,activities/1972311256.fit.gz
1848864980,2018-09-14 20:36:37,Cross,Run,"",2552,8154.9,false,Ghost 7s ,activities/1981378108.fit.gz
1848865039,2018-09-15 14:45:54,Morning Run,Run,,490,1600.8,false,Ghost 7s ,activities/1981378262.fit.gz
1848865203,2018-09-15 15:30:04,Trash,Run,"",1265,5374.2,false,Ghost 7s ,activities/1981378452.fit.gz
1848865520,2018-09-17 20:32:58,Indoors due to weather,Run,"",1988,7717.5,false,Ghost 7s ,activities/1981378622.fit.gz
1849736339,2018-09-17 21:06:46,Watch died,Run,"",798,2895.3,false,Ghost 7s ,activities/1982273179.fit.gz
1849745528,2018-09-17 12:56:18,Rest of the run,Run,"",1129,4345.2,false,Ghost 7s ,
1852215529,2018-09-18 20:39:17,WU,Run,"",921,3473.4,false,Ghost 7s ,activities/1984889698.fit.gz
1852215836,2018-09-18 21:03:55,Work out,Run,Watch is off. Second 1600 was ~5:45,2130,8400.6,false,Ghost 7s ,activities/1984890047.fit.gz
1852215928,2018-09-18 21:39:39,CD,Run,"",536,1858.8,false,Ghost 7s ,activities/1984890180.fit.gz
1855538265,2018-09-19 20:37:37,Afternoon Run,Run,,2047,6877.6,false,Ghost 7s ,activities/1988323922.fit.gz
1857263391,2018-09-21 20:32:44,Sang to football,Run,"",2481,8167.9,false,Ghost 7s ,activities/1990101454.fit.gz
1859053118,2018-09-22 15:17:51,Morning Run,Run,,665,2410.0,false,Ghost 7s ,activities/1992015389.fit.gz
1859053531,2018-09-22 16:00:42,Ole Invitational,Run,Feeling good again ,1748,8096.1,false,Ghost 7s ,activities/1992015815.fit.gz
1859053654,2018-09-22 16:54:05,Lunch Run,Run,,728,2341.1,false,Ghost 7s ,activities/1992015980.fit.gz
1865977659,2018-09-24 20:50:19,Running,Run,"",2208,8280.8,false,Ghost 7s ,activities/1999137389.fit.gz
1865977833,2018-09-25 20:36:13,WU,Run,"",627,2358.4,false,Ghost 7s ,activities/1999137606.fit.gz
1865978223,2018-09-25 20:57:25,4*mile 4*200,Run,"5:47, 5:37, 5:36, 5:31.  35, 36, 34, 32. ",2434,9706.3,false,Ghost 7s ,activities/1999138002.fit.gz
1865978365,2018-09-25 21:42:25,CD,Run,"",518,1649.2,false,Ghost 7s ,activities/1999138138.fit.gz
1867996942,2018-09-26 20:35:22,Easy 6,Run,"",2648,9782.2,false,Ghost 7s ,activities/2001209356.fit.gz
1871110803,2018-09-27 20:58:02,Day before,Run,"",2416,7711.8,false,Ghost 7s ,activities/2004415687.fit.gz
1871844157,2018-09-28 21:34:40,WU,Run,"",612,2077.1,false,Ghost 7s ,activities/2005167891.fit.gz
1871844445,2018-09-28 22:14:44,Eau Claire - 28:15,Run,Great day for a fast race. 26 second PR. Gotta go faster...,1693,8029.7,false,Ghost 7s ,activities/2005168165.fit.gz
1871844836,2018-09-28 23:00:44,Shuffle down,Run,"",750,2322.1,false,Ghost 7s ,activities/2005168286.fit.gz
1875812756,2018-09-30 14:06:03,Morning Run,Run,,2075,6531.6,false,Ghost 7s ,activities/2009340165.fit.gz
1878420912,2018-10-01 20:38:25,8 Ball,Run,"",3620,12868.6,false,Ghost 7s ,activities/2012036301.fit.gz
1880464910,2018-10-02 20:30:05,WU,Run,"",677,2663.7,false,,activities/2014131050.fit.gz
1880465443,2018-10-02 20:52:16,Good day for a workout,Run,"2400 - 8:13. 
1600 - 5:21. 
1200 - 3:58. 
800 - 2:39. 

2 * 1 minute 
4* 30 seconds",2339,9795.2,false,,activities/2014131624.fit.gz
1880465612,2018-10-02 21:31:37,CD,Run,"",804,2064.7,false,,activities/2014131786.fit.gz
1882863359,2018-10-03 20:37:54,Tired,Run,"",3137,10296.5,false,,activities/2016588077.fit.gz
1884588440,2018-10-04 20:57:28,Of course!,Run,"",2272,8148.5,false,,activities/2018357563.fit.gz
1890858331,2018-10-06 22:46:49,This is a workout,Run,"",1372,4619.0,false,,activities/2024905518.fit.gz
1890859078,2018-10-07 14:23:55,End of Chicago with Erin,Run,Most of my long runs are accidental...,5980,20509.8,false,,activities/2024906185.fit.gz
1892862507,2018-10-08 20:36:40,This is not a run,Run,"",2293,8057.2,false,,activities/2027023703.fit.gz
1894950081,2018-10-09 20:35:10,WU + Workout,Run,"",3382,13565.7,false,,activities/2029165870.fit.gz
1894950248,2018-10-09 21:32:40,Snagged 4 acorn squash and a watermelon,Run,"",821,2589.9,false,,activities/2029166066.fit.gz
1902636198,2018-10-11 20:56:19,"Roads with 8*30""",Run,"",3120,11218.0,false,,activities/2037094188.fit.gz
1902636575,2018-10-12 20:26:45,"From the heavens, from the heavens...",Run,"",1904,6203.5,false,,activities/2037094592.fit.gz
1902636762,2018-10-12 21:09:22,Rest of run,Run,"",674,1867.8,false,,activities/2037094773.fit.gz
1902636968,2018-10-13 15:49:55,WU,Run,"",745,2615.4,false,,activities/2037094986.fit.gz
1902637395,2018-10-13 16:40:51,Lacrosse - 28:34,Run,"19 seconds slower than last week, but I'm definitely feeling more fit. Excited for conference. ",1715,8042.0,false,,activities/2037095412.fit.gz
1902637569,2018-10-13 17:29:50,CD,Run,"",701,2406.7,false,,activities/2037095582.fit.gz
1902694176,2018-10-10 20:30:18,Tye tye,Ride,"",2100,0.0,false,Trek Superfly,
1907437242,2018-10-15 21:06:05,Afternoon Run,Run,,3159,10295.8,false,,activities/2042131096.fit.gz
1909399296,2018-10-16 20:40:32,Afternoon Run,Run,,716,2698.5,false,,activities/2044149129.fit.gz
1909399471,2018-10-16 21:05:10,Workout with Tripps,Run,"2*800, 4*400, 4*200",1337,5623.9,false,,activities/2044149347.fit.gz
1909399548,2018-10-16 21:28:17,Afternoon Run,Run,,351,1164.6,false,,activities/2044149441.fit.gz
1930739862,2018-10-18 20:57:40,Afternoon Run,Run,,3094,10257.2,false,,activities/2066187136.fit.gz
1930740043,2018-10-22 20:36:03,Afternoon Run,Run,,3066,11259.7,false,,activities/2066187480.fit.gz
1930740172,2018-10-23 20:38:11,Afternoon Run,Run,,723,2712.0,false,,activities/2066187591.fit.gz
1930740364,2018-10-23 21:01:16,Afternoon Run,Run,,970,4182.9,false,,activities/2066187836.fit.gz
1930740439,2018-10-23 21:23:21,Afternoon Run,Run,,429,1511.5,false,,activities/2066187960.fit.gz
1930740657,2018-10-24 20:32:54,Afternoon Run,Run,,1448,5371.3,false,,activities/2066188166.fit.gz
1930740950,2018-10-26 20:35:36,Afternoon Run,Run,,2696,8281.2,false,,activities/2066188471.fit.gz
1930741100,2018-10-27 16:10:41,Lunch Run,Run,,957,3201.2,false,,activities/2066188625.fit.gz
1930741361,2018-10-27 17:00:20,Conference @ Home - 28:12,Run,"Felt fantastic. Went out a little fast, but kept it relatively consistent. The course was a little wet, but I felt motivated by the closing of senior season. PR of 3 seconds. ",1692,8139.5,false,,activities/2066188883.fit.gz
1930741481,2018-10-27 17:46:01,Lunch Run,Run,,524,1712.5,false,,activities/2066189014.fit.gz
2004252671,2018-10-31 20:40:36,Afternoon Run,Run,,158,589.6,false,,activities/2142349573.fit.gz
2004252703,2018-11-13 22:01:41,Afternoon Run,Run,,593,2414.3,false,,activities/2142349602.fit.gz
2004252725,2018-11-15 22:24:12,Afternoon Run,Run,,129,560.3,false,,activities/2142349624.fit.gz
2004252750,2018-11-19 21:37:53,Afternoon Run,Run,,441,1705.2,false,,activities/2142349646.fit.gz
2004252883,2018-12-01 17:39:01,Lunch Run,Run,,25290,10855.2,false,,activities/2142349771.fit.gz
2004252954,2018-12-04 21:41:32,Afternoon Run,Run,,4012,8884.3,false,,activities/2142349848.fit.gz
2004253024,2018-12-05 21:40:07,Afternoon Run,Run,,2202,7181.4,false,,activities/2142349913.fit.gz
2004253060,2018-12-06 21:54:59,Afternoon Run,Run,,800,3059.3,false,,activities/2142349946.fit.gz
